{
	"data":
	[
		{
			"id": 1,
			"code": "AF",
			"name": "Afghanistan"
		},
		{
			"id": 2,
			"code": "AX",
			"name": "Åland Islands"
		},
		{
			"id": 3,
			"code": "AL",
			"name": "Albania"
		},
		{
			"id": 4,
			"code": "DZ",
			"name": "Algeria"
		},
		{
			"id": 5,
			"code": "AS",
			"name": "American Samoa"
		},
		{
			"id": 6,
			"code": "AD",
			"name": "Andorra"
		},
		{
			"id": 7,
			"code": "AO",
			"name": "Angola"
		},
		{
			"id": 8,
			"code": "AI",
			"name": "Anguilla"
		},
		{
			"id": 9,
			"code": "AQ",
			"name": "Antarctica"
		},
		{
			"id": 10,
			"code": "AG",
			"name": "Antigua and Barbuda"
		},
		{
			"id": 11,
			"code": "AR",
			"name": "Argentina"
		},
		{
			"id": 12,
			"code": "AM",
			"name": "Armenia"
		},
		{
			"id": 13,
			"code": "AW",
			"name": "Aruba"
		},
		{
			"id": 14,
			"code": "AU",
			"name": "Australia"
		},
		{
			"id": 15,
			"code": "AT",
			"name": "Austria"
		},
		{
			"id": 16,
			"code": "AZ",
			"name": "Azerbaijan"
		},
		{
			"id": 17,
			"code": "BS",
			"name": "Bahamas"
		},
		{
			"id": 18,
			"code": "BH",
			"name": "Bahrain"
		},
		{
			"id": 19,
			"code": "BD",
			"name": "Bangladesh"
		},
		{
			"id": 20,
			"code": "BB",
			"name": "Barbados"
		},
		{
			"id": 21,
			"code": "BY",
			"name": "Belarus"
		},
		{
			"id": 22,
			"code": "BE",
			"name": "Belgium"
		},
		{
			"id": 23,
			"code": "BZ",
			"name": "Belize"
		},
		{
			"id": 24,
			"code": "BJ",
			"name": "Benin"
		},
		{
			"id": 25,
			"code": "BM",
			"name": "Bermuda"
		},
		{
			"id": 26,
			"code": "BT",
			"name": "Bhutan"
		},
		{
			"id": 27,
			"code": "BO",
			"name": "Bolivia, Plurinational State of"
		},
		{
			"id": 28,
			"code": "BQ",
			"name": "Bonaire, Sint Eustatius and Saba"
		},
		{
			"id": 29,
			"code": "BA",
			"name": "Bosnia and Herzegovina"
		},
		{
			"id": 30,
			"code": "BW",
			"name": "Botswana"
		},
		{
			"id": 31,
			"code": "BV",
			"name": "Bouvet Island"
		},
		{
			"id": 32,
			"code": "BR",
			"name": "Brazil"
		},
		{
			"id": 33,
			"code": "IO",
			"name": "British Indian Ocean Territory"
		},
		{
			"id": 34,
			"code": "BN",
			"name": "Brunei Darussalam"
		},
		{
			"id": 35,
			"code": "BG",
			"name": "Bulgaria"
		},
		{
			"id": 36,
			"code": "BF",
			"name": "Burkina Faso"
		},
		{
			"id": 37,
			"code": "BI",
			"name": "Burundi"
		},
		{
			"id": 38,
			"code": "KH",
			"name": "Cambodia"
		},
		{
			"id": 39,
			"code": "CM",
			"name": "Cameroon"
		},
		{
			"id": 40,
			"code": "CA",
			"name": "Canada"
		},
		{
			"id": 41,
			"code": "CV",
			"name": "Cape Verde"
		},
		{
			"id": 42,
			"code": "KY",
			"name": "Cayman Islands"
		},
		{
			"id": 43,
			"code": "CF",
			"name": "Central African Republic"
		},
		{
			"id": 44,
			"code": "TD",
			"name": "Chad"
		},
		{
			"id": 45,
			"code": "CL",
			"name": "Chile"
		},
		{
			"id": 46,
			"code": "CN",
			"name": "China"
		},
		{
			"id": 47,
			"code": "CX",
			"name": "Christmas Island"
		},
		{
			"id": 48,
			"code": "CC",
			"name": "Cocos (Keeling) Islands"
		},
		{
			"id": 49,
			"code": "CO",
			"name": "Colombia"
		},
		{
			"id": 50,
			"code": "KM",
			"name": "Comoros"
		},
		{
			"id": 51,
			"code": "CG",
			"name": "Congo"
		},
		{
			"id": 52,
			"code": "CD",
			"name": "Congo, the Democratic Republic of the"
		},
		{
			"id": 53,
			"code": "CK",
			"name": "Cook Islands"
		},
		{
			"id": 54,
			"code": "CR",
			"name": "Costa Rica"
		},
		{
			"id": 55,
			"code": "CI",
			"name": "Côte d'Ivoire"
		},
		{
			"id": 56,
			"code": "HR",
			"name": "Croatia"
		},
		{
			"id": 57,
			"code": "CU",
			"name": "Cuba"
		},
		{
			"id": 58,
			"code": "CW",
			"name": "Curaçao"
		},
		{
			"id": 59,
			"code": "CY",
			"name": "Cyprus"
		},
		{
			"id": 60,
			"code": "CZ",
			"name": "Czech Republic"
		},
		{
			"id": 61,
			"code": "DK",
			"name": "Denmark"
		},
		{
			"id": 62,
			"code": "DJ",
			"name": "Djibouti"
		},
		{
			"id": 63,
			"code": "DM",
			"name": "Dominica"
		},
		{
			"id": 64,
			"code": "DO",
			"name": "Dominican Republic"
		},
		{
			"id": 65,
			"code": "EC",
			"name": "Ecuador"
		},
		{
			"id": 66,
			"code": "EG",
			"name": "Egypt"
		},
		{
			"id": 67,
			"code": "SV",
			"name": "El Salvador"
		},
		{
			"id": 68,
			"code": "GQ",
			"name": "Equatorial Guinea"
		},
		{
			"id": 69,
			"code": "ER",
			"name": "Eritrea"
		},
		{
			"id": 70,
			"code": "EE",
			"name": "Estonia"
		},
		{
			"id": 71,
			"code": "ET",
			"name": "Ethiopia"
		},
		{
			"id": 72,
			"code": "FK",
			"name": "Falkland Islands (Malvinas)"
		},
		{
			"id": 73,
			"code": "FO",
			"name": "Faroe Islands"
		},
		{
			"id": 74,
			"code": "FJ",
			"name": "Fiji"
		},
		{
			"id": 75,
			"code": "FI",
			"name": "Finland"
		},
		{
			"id": 76,
			"code": "FR",
			"name": "France"
		},
		{
			"id": 77,
			"code": "GF",
			"name": "French Guiana"
		},
		{
			"id": 78,
			"code": "PF",
			"name": "French Polynesia"
		},
		{
			"id": 79,
			"code": "TF",
			"name": "French Southern Territories"
		},
		{
			"id": 80,
			"code": "GA",
			"name": "Gabon"
		},
		{
			"id": 81,
			"code": "GM",
			"name": "Gambia"
		},
		{
			"id": 82,
			"code": "GE",
			"name": "Georgia"
		},
		{
			"id": 83,
			"code": "DE",
			"name": "Germany"
		},
		{
			"id": 84,
			"code": "GH",
			"name": "Ghana"
		},
		{
			"id": 85,
			"code": "GI",
			"name": "Gibraltar"
		},
		{
			"id": 86,
			"code": "GR",
			"name": "Greece"
		},
		{
			"id": 87,
			"code": "GL",
			"name": "Greenland"
		},
		{
			"id": 88,
			"code": "GD",
			"name": "Grenada"
		},
		{
			"id": 89,
			"code": "GP",
			"name": "Guadeloupe"
		},
		{
			"id": 90,
			"code": "GU",
			"name": "Guam"
		},
		{
			"id": 91,
			"code": "GT",
			"name": "Guatemala"
		},
		{
			"id": 92,
			"code": "GG",
			"name": "Guernsey"
		},
		{
			"id": 93,
			"code": "GN",
			"name": "Guinea"
		},
		{
			"id": 94,
			"code": "GW",
			"name": "Guinea-Bissau"
		},
		{
			"id": 95,
			"code": "GY",
			"name": "Guyana"
		},
		{
			"id": 96,
			"code": "HT",
			"name": "Haiti"
		},
		{
			"id": 97,
			"code": "HM",
			"name": "Heard Island and McDonald Islands"
		},
		{
			"id": 98,
			"code": "VA",
			"name": "Holy See (Vatican City State)"
		},
		{
			"id": 99,
			"code": "HN",
			"name": "Honduras"
		},
		{
			"id": 100,
			"code": "HK",
			"name": "Hong Kong"
		},
		{
			"id": 101,
			"code": "HU",
			"name": "Hungary"
		},
		{
			"id": 102,
			"code": "IS",
			"name": "Iceland"
		},
		{
			"id": 103,
			"code": "IN",
			"name": "India"
		},
		{
			"id": 104,
			"code": "ID",
			"name": "Indonesia"
		},
		{
			"id": 105,
			"code": "IR",
			"name": "Iran, Islamic Republic of"
		},
		{
			"id": 106,
			"code": "IQ",
			"name": "Iraq"
		},
		{
			"id": 107,
			"code": "IE",
			"name": "Ireland"
		},
		{
			"id": 108,
			"code": "IM",
			"name": "Isle of Man"
		},
		{
			"id": 109,
			"code": "IL",
			"name": "Israel"
		},
		{
			"id": 110,
			"code": "IT",
			"name": "Italy"
		},
		{
			"id": 111,
			"code": "JM",
			"name": "Jamaica"
		},
		{
			"id": 112,
			"code": "JP",
			"name": "Japan"
		},
		{
			"id": 113,
			"code": "JE",
			"name": "Jersey"
		},
		{
			"id": 114,
			"code": "JO",
			"name": "Jordan"
		},
		{
			"id": 115,
			"code": "KZ",
			"name": "Kazakhstan"
		},
		{
			"id": 116,
			"code": "KE",
			"name": "Kenya"
		},
		{
			"id": 117,
			"code": "KI",
			"name": "Kiribati"
		},
		{
			"id": 118,
			"code": "KP",
			"name": "Korea, Democratic People's Republic of"
		},
		{
			"id": 119,
			"code": "KR",
			"name": "Korea, Republic of"
		},
		{
			"id": 120,
			"code": "KW",
			"name": "Kuwait"
		},
		{
			"id": 121,
			"code": "KG",
			"name": "Kyrgyzstan"
		},
		{
			"id": 122,
			"code": "LA",
			"name": "Lao People's Democratic Republic"
		},
		{
			"id": 123,
			"code": "LV",
			"name": "Latvia"
		},
		{
			"id": 124,
			"code": "LB",
			"name": "Lebanon"
		},
		{
			"id": 125,
			"code": "LS",
			"name": "Lesotho"
		},
		{
			"id": 126,
			"code": "LR",
			"name": "Liberia"
		},
		{
			"id": 127,
			"code": "LY",
			"name": "Libya"
		},
		{
			"id": 128,
			"code": "LI",
			"name": "Liechtenstein"
		},
		{
			"id": 129,
			"code": "LT",
			"name": "Lithuania"
		},
		{
			"id": 130,
			"code": "LU",
			"name": "Luxembourg"
		},
		{
			"id": 131,
			"code": "MO",
			"name": "Macao"
		},
		{
			"id": 132,
			"code": "MK",
			"name": "Macedonia, the Former Yugoslav Republic of"
		},
		{
			"id": 133,
			"code": "MG",
			"name": "Madagascar"
		},
		{
			"id": 134,
			"code": "MW",
			"name": "Malawi"
		},
		{
			"id": 135,
			"code": "MY",
			"name": "Malaysia"
		},
		{
			"id": 136,
			"code": "MV",
			"name": "Maldives"
		},
		{
			"id": 137,
			"code": "ML",
			"name": "Mali"
		},
		{
			"id": 138,
			"code": "MT",
			"name": "Malta"
		},
		{
			"id": 139,
			"code": "MH",
			"name": "Marshall Islands"
		},
		{
			"id": 140,
			"code": "MQ",
			"name": "Martinique"
		},
		{
			"id": 141,
			"code": "MR",
			"name": "Mauritania"
		},
		{
			"id": 142,
			"code": "MU",
			"name": "Mauritius"
		},
		{
			"id": 143,
			"code": "YT",
			"name": "Mayotte"
		},
		{
			"id": 144,
			"code": "MX",
			"name": "Mexico"
		},
		{
			"id": 145,
			"code": "FM",
			"name": "Micronesia, Federated States of"
		},
		{
			"id": 146,
			"code": "MD",
			"name": "Moldova, Republic of"
		},
		{
			"id": 147,
			"code": "MC",
			"name": "Monaco"
		},
		{
			"id": 148,
			"code": "MN",
			"name": "Mongolia"
		},
		{
			"id": 149,
			"code": "ME",
			"name": "Montenegro"
		},
		{
			"id": 150,
			"code": "MS",
			"name": "Montserrat"
		},
		{
			"id": 151,
			"code": "MA",
			"name": "Morocco"
		},
		{
			"id": 152,
			"code": "MZ",
			"name": "Mozambique"
		},
		{
			"id": 153,
			"code": "MM",
			"name": "Myanmar"
		},
		{
			"id": 154,
			"code": "NA",
			"name": "Namibia"
		},
		{
			"id": 155,
			"code": "NR",
			"name": "Nauru"
		},
		{
			"id": 156,
			"code": "NP",
			"name": "Nepal"
		},
		{
			"id": 157,
			"code": "NL",
			"name": "Netherlands"
		},
		{
			"id": 158,
			"code": "NC",
			"name": "New Caledonia"
		},
		{
			"id": 159,
			"code": "NZ",
			"name": "New Zealand"
		},
		{
			"id": 160,
			"code": "NI",
			"name": "Nicaragua"
		},
		{
			"id": 161,
			"code": "NE",
			"name": "Niger"
		},
		{
			"id": 162,
			"code": "NG",
			"name": "Nigeria"
		},
		{
			"id": 163,
			"code": "NU",
			"name": "Niue"
		},
		{
			"id": 164,
			"code": "NF",
			"name": "Norfolk Island"
		},
		{
			"id": 165,
			"code": "MP",
			"name": "Northern Mariana Islands"
		},
		{
			"id": 166,
			"code": "NO",
			"name": "Norway"
		},
		{
			"id": 167,
			"code": "OM",
			"name": "Oman"
		},
		{
			"id": 168,
			"code": "PK",
			"name": "Pakistan"
		},
		{
			"id": 169,
			"code": "PW",
			"name": "Palau"
		},
		{
			"id": 170,
			"code": "PS",
			"name": "Palestine, State of"
		},
		{
			"id": 171,
			"code": "PA",
			"name": "Panama"
		},
		{
			"id": 172,
			"code": "PG",
			"name": "Papua New Guinea"
		},
		{
			"id": 173,
			"code": "PY",
			"name": "Paraguay"
		},
		{
			"id": 174,
			"code": "PE",
			"name": "Peru"
		},
		{
			"id": 175,
			"code": "PH",
			"name": "Philippines"
		},
		{
			"id": 176,
			"code": "PN",
			"name": "Pitcairn"
		},
		{
			"id": 177,
			"code": "PL",
			"name": "Poland"
		},
		{
			"id": 178,
			"code": "PT",
			"name": "Portugal"
		},
		{
			"id": 179,
			"code": "PR",
			"name": "Puerto Rico"
		},
		{
			"id": 180,
			"code": "QA",
			"name": "Qatar"
		},
		{
			"id": 181,
			"code": "RE",
			"name": "Réunion"
		},
		{
			"id": 182,
			"code": "RO",
			"name": "Romania"
		},
		{
			"id": 183,
			"code": "RU",
			"name": "Russian Federation"
		},
		{
			"id": 184,
			"code": "RW",
			"name": "Rwanda"
		},
		{
			"id": 185,
			"code": "BL",
			"name": "Saint Barthélemy"
		},
		{
			"id": 186,
			"code": "SH",
			"name": "Saint Helena, Ascension and Tristan da Cunha"
		},
		{
			"id": 187,
			"code": "KN",
			"name": "Saint Kitts and Nevis"
		},
		{
			"id": 188,
			"code": "LC",
			"name": "Saint Lucia"
		},
		{
			"id": 189,
			"code": "MF",
			"name": "Saint Martin (French part)"
		},
		{
			"id": 190,
			"code": "PM",
			"name": "Saint Pierre and Miquelon"
		},
		{
			"id": 191,
			"code": "VC",
			"name": "Saint Vincent and the Grenadines"
		},
		{
			"id": 192,
			"code": "WS",
			"name": "Samoa"
		},
		{
			"id": 193,
			"code": "SM",
			"name": "San Marino"
		},
		{
			"id": 194,
			"code": "ST",
			"name": "Sao Tome and Principe"
		},
		{
			"id": 195,
			"code": "SA",
			"name": "Saudi Arabia"
		},
		{
			"id": 196,
			"code": "SN",
			"name": "Senegal"
		},
		{
			"id": 197,
			"code": "RS",
			"name": "Serbia"
		},
		{
			"id": 198,
			"code": "SC",
			"name": "Seychelles"
		},
		{
			"id": 199,
			"code": "SL",
			"name": "Sierra Leone"
		},
		{
			"id": 200,
			"code": "SG",
			"name": "Singapore"
		},
		{
			"id": 201,
			"code": "SX",
			"name": "Sint Maarten (Dutch part)"
		},
		{
			"id": 202,
			"code": "SK",
			"name": "Slovakia"
		},
		{
			"id": 203,
			"code": "SI",
			"name": "Slovenia"
		},
		{
			"id": 204,
			"code": "SB",
			"name": "Solomon Islands"
		},
		{
			"id": 205,
			"code": "SO",
			"name": "Somalia"
		},
		{
			"id": 206,
			"code": "ZA",
			"name": "South Africa"
		},
		{
			"id": 207,
			"code": "GS",
			"name": "South Georgia and the South Sandwich Islands"
		},
		{
			"id": 208,
			"code": "SS",
			"name": "South Sudan"
		},
		{
			"id": 209,
			"code": "ES",
			"name": "Spain"
		},
		{
			"id": 210,
			"code": "LK",
			"name": "Sri Lanka"
		},
		{
			"id": 211,
			"code": "SD",
			"name": "Sudan"
		},
		{
			"id": 212,
			"code": "SR",
			"name": "Suriname"
		},
		{
			"id": 213,
			"code": "SJ",
			"name": "Svalbard and Jan Mayen"
		},
		{
			"id": 214,
			"code": "SZ",
			"name": "Swaziland"
		},
		{
			"id": 215,
			"code": "SE",
			"name": "Sweden"
		},
		{
			"id": 216,
			"code": "CH",
			"name": "Switzerland"
		},
		{
			"id": 217,
			"code": "SY",
			"name": "Syrian Arab Republic"
		},
		{
			"id": 218,
			"code": "TW",
			"name": "Taiwan, Province of China"
		},
		{
			"id": 219,
			"code": "TJ",
			"name": "Tajikistan"
		},
		{
			"id": 220,
			"code": "TZ",
			"name": "Tanzania, United Republic of"
		},
		{
			"id": 221,
			"code": "TH",
			"name": "Thailand"
		},
		{
			"id": 222,
			"code": "TL",
			"name": "Timor-Leste"
		},
		{
			"id": 223,
			"code": "TG",
			"name": "Togo"
		},
		{
			"id": 224,
			"code": "TK",
			"name": "Tokelau"
		},
		{
			"id": 225,
			"code": "TO",
			"name": "Tonga"
		},
		{
			"id": 226,
			"code": "TT",
			"name": "Trinidad and Tobago"
		},
		{
			"id": 227,
			"code": "TN",
			"name": "Tunisia"
		},
		{
			"id": 228,
			"code": "TR",
			"name": "Turkey"
		},
		{
			"id": 229,
			"code": "TM",
			"name": "Turkmenistan"
		},
		{
			"id": 230,
			"code": "TC",
			"name": "Turks and Caicos Islands"
		},
		{
			"id": 231,
			"code": "TV",
			"name": "Tuvalu"
		},
		{
			"id": 232,
			"code": "UG",
			"name": "Uganda"
		},
		{
			"id": 233,
			"code": "UA",
			"name": "Ukraine"
		},
		{
			"id": 234,
			"code": "AE",
			"name": "United Arab Emirates"
		},
		{
			"id": 235,
			"code": "GB",
			"name": "United Kingdom"
		},
		{
			"id": 236,
			"code": "US",
			"name": "United States"
		},
		{
			"id": 237,
			"code": "UM",
			"name": "United States Minor Outlying Islands"
		},
		{
			"id": 238,
			"code": "UY",
			"name": "Uruguay"
		},
		{
			"id": 239,
			"code": "UZ",
			"name": "Uzbekistan"
		},
		{
			"id": 240,
			"code": "VU",
			"name": "Vanuatu"
		},
		{
			"id": 241,
			"code": "VE",
			"name": "Venezuela, Bolivarian Republic of"
		},
		{
			"id": 242,
			"code": "VN",
			"name": "Viet Nam"
		},
		{
			"id": 243,
			"code": "VG",
			"name": "Virgin Islands, British"
		},
		{
			"id": 244,
			"code": "VI",
			"name": "Virgin Islands, U.S."
		},
		{
			"id": 245,
			"code": "WF",
			"name": "Wallis and Futuna"
		},
		{
			"id": 246,
			"code": "EH",
			"name": "Western Sahara"
		},
		{
			"id": 247,
			"code": "YE",
			"name": "Yemen"
		},
		{
			"id": 248,
			"code": "ZM",
			"name": "Zambia"
		},
		{
			"id": 249,
			"code": "ZW",
			"name": "Zimbabwe"
		}
	]
}